n_train,method,rmse_mean,rmse_std
5,baseline,33.47934498421404,4.119496119900633
5,augmented_best,47.993954296825144,5.056729982137988
10,baseline,34.59810714410491,4.479201608388796
10,augmented_best,45.47059189500702,6.216417606091192
15,baseline,29.078989554762746,4.491316149765652
15,augmented_best,32.60464790203913,7.03851568629488
20,baseline,31.277363925155747,9.181778041506368
20,augmented_best,35.88638749377533,11.309752021601167
