held_out_paper,n_held_out_records,held_out_min,held_out_p50,true_ybest,prior_p25,prior_p50,prior_p75,relative_error,in_range,prior_p75_in_held_out_range
10.1016/j.ejpb.2020.05.013,1,2388.5350318471337,2388.5350318471337,2388.5350318471337,368.69,606.09375,906.5625,0.6204525,False,False
10.1186/2050-6511-13-5,5,167.78,368.69,431.52,406.40625,838.28125,1147.5,1.6592046718576197,True,False
10.1208/s12249-013-9995-4,24,193.59375,782.265625,1842.03125,368.69,400.105,431.52,0.7657368733565187,False,True
