quantile,value_ug_cm2
Min,167.78
P10,206.71875
P25,368.69
P50,666.171875
P75,1087.265625
P90,1314.7500000000007
Max,2388.5350318471337
