endpoint_time_h,n_records,mean,std,min,p25,p50,p75,p90,max
6.0,5,353.64,108.54438423981225,167.78,368.69,368.69,431.52,431.52,431.52
12.0,1,2388.5350318471337,0.0,2388.5350318471337,2388.5350318471337,2388.5350318471337,2388.5350318471337,2388.5350318471337,2388.5350318471337
24.0,8,281.97265625,121.40715312393911,193.59375,206.71875,225.78125,299.1015625,472.328125,487.96875
48.0,8,770.234375,160.3444560533777,406.40625,726.25,842.96875,852.2265625,874.84375,906.5625
72.0,8,1278.33984375,390.9823181591998,606.09375,1147.5,1218.046875,1393.125,1802.109375,1842.03125
