scenario,formulation_label,actual_72h_ug_cm2,pred_72h_ug_cm2,std_72h_ug_cm2,ybest_other_72h_ug_cm2,poe,decision,actual_label,outcome,correct,saved_fraction,learned_kernel,learned_length_scale,warning_count,warnings
B_24h_decision,F1,1785.0,1205.9598214285713,12.143093331132077,1842.03125,0.0,Stop,should_stop,TN,True,0.6666666666666666,"0.0365**2 * RBF(length_scale=[75.8, 21.4, 0.0707, 0.0534])",75.79;21.37;0.07069;0.05337,0,
B_24h_decision,F2,1842.03125,1197.8125,11.584907166411654,1785.0,0.0,Stop,should_continue,FN,False,0.6666666666666666,"0.0365**2 * RBF(length_scale=[75.8, 21.4, 0.0707, 0.0534])",75.79;21.37;0.07069;0.05337,0,
B_24h_decision,F3,1186.875,1291.40625,14.189323784042111,1842.03125,0.0,Stop,should_stop,TN,True,0.6666666666666666,"0.0365**2 * RBF(length_scale=[75.8, 21.4, 0.0707, 0.0534])",75.79;21.37;0.07069;0.05337,0,
B_24h_decision,F4,1147.5,1297.03125,14.122241757416617,1842.03125,0.0,Stop,should_stop,TN,True,0.6666666666666666,"0.0365**2 * RBF(length_scale=[75.8, 21.4, 0.0707, 0.0534])",75.79;21.37;0.07069;0.05337,0,
B_24h_decision,F5,1249.21875,1282.5,14.246685457374475,1842.03125,0.0,Stop,should_stop,TN,True,0.6666666666666666,"0.0365**2 * RBF(length_scale=[75.8, 21.4, 0.0707, 0.0534])",75.79;21.37;0.07069;0.05337,0,
B_24h_decision,F6,1262.5,1280.6026785714287,14.251231798945998,1842.03125,0.0,Stop,should_stop,TN,True,0.6666666666666666,"0.0365**2 * RBF(length_scale=[75.8, 21.4, 0.0707, 0.0534])",75.79;21.37;0.07069;0.05337,0,
B_24h_decision,F7,606.09375,1374.375,10.251820430656744,1842.03125,0.0,Stop,should_stop,TN,True,0.6666666666666666,"0.0365**2 * RBF(length_scale=[75.8, 21.4, 0.0707, 0.0534])",75.79;21.37;0.07069;0.05337,0,
B_24h_decision,F8,1147.5,1297.03125,14.122241757416617,1842.03125,0.0,Stop,should_stop,TN,True,0.6666666666666666,"0.0365**2 * RBF(length_scale=[75.8, 21.4, 0.0707, 0.0534])",75.79;21.37;0.07069;0.05337,0,
