scenario,n,accuracy_n,accuracy_pct,type_i_count,type_ii_count,stop_count,continue_count,lead_rate_pct,rmse_ug_cm2,r2,warning_folds,median_length_scale
A_48h_decision,8,7,87.5,1,0,8,0,33.33333333333333,417.977679400318,-0.306122447305994,0,43.38;0.1084;4.468;0.1765;1.203
B_24h_decision,8,7,87.5,1,0,8,0,66.66666666666666,417.97767966810557,-0.30612244897959195,0,75.79;21.37;0.07069;0.05337
