fold,held_out_formulation,learned_kernel,length_scale_particle_size,length_scale_tpgs,length_scale_hpmc,length_scale_time,y_train_mean,y_train_std,warning_count,warnings
1,F1,"1.07**2 * RBF(length_scale=[100, 4.17, 7.96, 1.74])",100.00000000000004,4.1714789744061465,7.956159777377717,1.7358406268217952,740.7366071428571,446.1660422274716,1,ConvergenceWarning: The optimal value found for dimension 0 of parameter k2__length_scale is close to the specified upper bound 100.0. Increasing the bound and calling fit again may find a better value.
2,F2,"1.36**2 * RBF(length_scale=[4.26, 3.25, 3.61, 2.57])",4.257988935207288,3.2463868692767783,3.614372754020577,2.565445820532613,745.3422619047619,429.1791544367786,0,
3,F3,"1.43**2 * RBF(length_scale=[3.82, 4.79, 4.02, 2.48])",3.8241354368595295,4.788256341459339,4.019786903588468,2.4808703621164785,780.4389880952381,480.07840105199455,0,
4,F4,"1.38**2 * RBF(length_scale=[6.56, 3.04, 4.19, 2.52])",6.5607316914343565,3.0441914008355795,4.187289045978484,2.518434549228029,788.7574404761905,480.9101920393895,0,
5,F5,"1.44**2 * RBF(length_scale=[5.83, 5.21, 100, 2.16])",5.834088520849466,5.211384641400632,100.00000000000004,2.1644353148559734,764.7395833333334,488.44055932889097,1,ConvergenceWarning: The optimal value found for dimension 2 of parameter k2__length_scale is close to the specified upper bound 100.0. Increasing the bound and calling fit again may find a better value.
6,F6,"1.42**2 * RBF(length_scale=[2.74, 4.26, 4.48, 2.63])",2.7393381185886105,4.262023857828987,4.477690999341505,2.626271857322069,775.625,477.3641968674367,0,
7,F7,"1.38**2 * RBF(length_scale=[4.11, 3.38, 100, 2.52])",4.114933401364288,3.375893079146661,100.00000000000004,2.5178690704450606,830.3943452380952,475.99293544952957,1,ConvergenceWarning: The optimal value found for dimension 2 of parameter k2__length_scale is close to the specified upper bound 100.0. Increasing the bound and calling fit again may find a better value.
8,F8,"1.4**2 * RBF(length_scale=[5.19, 2.45, 4.7, 2.68])",5.194043463170687,2.4495554877782393,4.697846068920134,2.6767627097506916,788.7574404761905,480.9101920393895,0,
