feature,median_length_scale,mean_length_scale,sd_length_scale
particle_size_nm,4.7260161991889875,16.565657445934285,33.73400352252164
vit_e_tpgs_pct_wv,3.773686026776404,3.818646331516545,0.9410206911797294
hpmc_k100_pct_wv,4.587768534130819,28.619143193653372,44.077420300413586
time_h,2.518151809836545,2.410741288884089,0.3128907015273298
