formulation,MAE,RMSE,R2,mean_abs_error_pct,n_points
F1,284.0107511241633,341.81729537079474,0.6211852825402997,27.583622953027138,3
F2,189.02989002559784,270.8370004005656,0.8293961380839969,18.95234406522965,3
F3,188.10723137826267,210.3574493371728,0.7249201205484571,25.02361839162089,3
F4,217.76206656979537,218.8862071432368,0.6763812235604933,31.40091384258408,3
F5,345.96988393975045,347.72911255353915,-0.2506647800898547,40.15367086769756,3
F6,240.26843951749626,262.2358926086104,0.6173026174955301,30.591207153421273,3
F7,425.64293400442307,446.9868923807551,-6.042816705355962,105.87309668201739,3
F8,182.59247775287722,196.03454999630256,0.7404254200148684,26.329519886257923,3
