time_h,MAE,RMSE,R2,mean_abs_error_pct,n_points
24.0,177.1726667819855,201.81967186082872,-2.1581327947805935,62.83327934638538,8
48.0,223.78513601223113,259.01603538475166,-1.9822040300560118,29.054161080804935,8
72.0,376.56107507292063,398.1560156433083,-0.18517989601803975,29.457039684242464,8
