variant_id,subset,model,n,slope,intercept,R2,adjusted_R2,pearson_r,spearman_rho,RMSE_J
V1,all_12_pairs,forced_through_origin,12,0.1694578271,0,0.08620043397,-0.005179522633,0.42727203,0.6153846154,84.85661869
V2,all_12_pairs,free_intercept,12,0.1045981088,52.88104522,0.1825613876,0.1008175264,0.42727203,0.6153846154,80.25790567
V3,non_pure_ethanol_pair_ids,forced_through_origin,11,0.2502896676,0,0.7187783403,0.6875314892,0.8718422907,0.8454545455,48.301863
V4,non_pure_ethanol_pair_ids,free_intercept,11,0.3165839477,-42.09013153,0.7601089799,0.7334544221,0.8718422907,0.8454545455,44.61146588
