feature_set,model,rmse_logJ,mae_logJ,bias_logJ,spearman_rho,pearson_r,within_2x_count,top3_hit
composition_only,ridge,0.2058879943,0.1660072171,0.1629683513,0.6153846154,0.674944578,9,0.3333333333
composition_only,gpr,0.3316819417,0.2835423622,0.2825367247,0.6009052505,0.3784052381,5,0.3333333333
composition_plus_solubility,ridge,0.1988476702,0.1434773528,0.1434773528,0.7062937063,0.7337540714,9,0.6666666667
composition_plus_solubility,gpr,0.3287842655,0.283668572,0.2826619883,0.2183152727,0.3919665751,5,0
